New column 0,New column 1
Seeker,Available
Essential Truths of the Christian Faith,In Stock
The Casagrandes #1,Available
By Force Alone,Available
And That Is Why . . . Manipuri Myths Retold,Available
Sam in the Suburbs,Available
The Voodoo Queen of New Orleans,Available
A Tale of Two Cookies,Available
Yoga,Available
Youth,Available
The Pandora Deception,Available
Reaper: Drone Strike,Available
Abundance,Available
Subdivision,Available
Sweet Tooth Compendium,In Stock
Through Their Lenses,Available
